exhibitor,"Sistema Technologies, Inc."
exhibitor,Cooper Consulting Company
exhibitor,Datadog
exhibitor,eInnoSec & SecuRetain
exhibitor,ForgeRock
exhibitor,Freeit Data Solutions
exhibitor,Insight
exhibitor,Logicmonitor
exhibitor,Menlo Security
exhibitor,Microsoft Corporation
exhibitor,Nagarro Inc
exhibitor,Netsync
exhibitor,NTT DATA Services
exhibitor,"Okta, Inc."
exhibitor,OneStream Software LLC
exhibitor,"RFD & Associates, Inc."
exhibitor,SailPoint
exhibitor,Sequel Data Systems Inc
exhibitor,SHI
exhibitor,"Smartbridge, LLC"
exhibitor,Softtek
exhibitor,Tanium
exhibitor,Veracode
exhibitor,"VMware, Inc."
exhibitor,Amazon Web Services
exhibitor,AT&T
exhibitor,BeyondTrust
exhibitor,Box
exhibitor,"BrightLeaf Group, Inc."
