sponsor,Loblolly
sponsor,Accenture
sponsor,Palo Alto Networks
sponsor,Cisco Meraki
sponsor,Atos
sponsor,Veracode
sponsor,Dell Computer Corporation
sponsor,Fortinet
sponsor,"BrightLeaf Group, Inc."
sponsor,Deloitte
sponsor,Amazon Web Services
sponsor,IQ Business Group
sponsor,SAS
sponsor,Grant Thornton
sponsor,"VMware, Inc."
sponsor,Datadog
sponsor,CrowdStrike
sponsor,Microsoft Corporation
sponsor,Splunk
sponsor,"Sistema Technologies, Inc."
sponsor,"Allied Consultants, Inc."
sponsor,SentinelOne
sponsor,Gartner
sponsor,Zscaler
sponsor,Fortinet
sponsor,Deloitte
sponsor,SHI
sponsor,AMD
sponsor,The North Highland Company
sponsor,"Luna Data Solutions, Inc."
sponsor,"Apex Systems, Inc."
sponsor,ForgeRock
sponsor,NWN Carousel
sponsor,Genesys
sponsor,InfoBlox
,
,